use auditor;

INSERT INTO empresas (id_empresa, nom_empresa) VALUES (1 , 'Electro Home');
INSERT INTO empresas (id_empresa, nom_empresa) VALUES (2 , 'Computech');

INSERT INTO localidades( id_localidad, ref_localidad, sector) VALUES
(1, 'Buenos Aires', 'pampeana'),
(2, 'Capital Federal', 'pampeana'),
(3, 'Catamarca', 'NOA'),
(4, 'Chaco', 'NEA'),
(5, 'Chubut', 'patagonia'),
(6, 'Córdoba', 'pampeana'),
(7, 'Corrientes', 'NEA'),
(8, 'Entre Ríos', 'pampeana'),
(9, 'Formosa', 'NEA'),
(10, 'Jujuy', 'NOA'),
(11, 'La Pampa', 'pampeana'),
(12, 'La Rioja', 'NOA'),
(13, 'Mendoza', 'cuyo'),
(14, 'Misiones', 'NEA'),
(15, 'Neuquén', 'patagonia'),
(16, 'Río Negro', 'patagonia'),
(17, 'Salta', 'NOA'),
(18, 'San Juan', 'cuyo'),
(19, 'San Luis', 'cuyo'),
(20, 'Santa Cruz', 'patagonia'),
(21, 'Santa Fe', 'pampeana'),
(22, 'Santiago del Estero', 'NOA'),
(23, 'Tierra del Fuego', 'patagonia'),
(24, 'Tucumán', 'NOA');


INSERT INTO regionales( id_regional, nombre, apellido, email, telefono) VALUES
(1, 'Ana', 'García','ana.garcia@corporativo.com','555-999-3456'),
(2, 'Javier', 'Martínez','javier.martinez@corporativo.com','555-555-6789'),
(3, 'Sofía', 'Rodríguez','sofia.rodriguez@corporativo.com','555-222-0123'),
(4, 'Alejandro', 'López','alejandro.lopez@corporativo.com','555-666-4567'),
(5, 'María', 'Sánchez','maria.sanchez@corporativo.com','555-111-7890'),
(6, 'Carlos', 'González','carlos.gonzalez@corporativo.com','555-777-2345'),
(7, 'Laura', 'Fernández','laura.fernandez@corporativo.com','555-333-5678'),
(8, 'Germán', 'Varela','german.varela@corporativo.com','555-393-5070');

insert into sucursales (id_sucursal, num_sucursal, nom_sucursal, id_localidad, categoria, email, telefono, latitud, longitud, id_regional, id_empresa) values 
(59, 119, 'Jujuy', 10, 'D', 'jujuy@electrohome.com', '555-890-1234', -24.182306181317117, -65.31455621118647, 2, 1), 
(187, 62, 'Salta Peatonal', 17, 'C', 'saltapeatonal@computech.com', '555-543-6789', -24.774315638646907, -65.41543212800063, 2, 2), 
(26, 40, 'Salta', 17, 'D', 'salta@electrohome.com', '555-888-7777', -24.783034637521904, -65.41084963169439, 2, 1), 
(108, 210, 'Salta Portal', 17, 'C', 'salta portal@electrohome.com', '555-111-7890', -24.78676288906977, -65.42635778320492, 2, 1), 
(49, 89, 'Salta Shopping', 17, 'A', 'saltashopping@electrohome.com', '555-567-8901', -24.789047939221913, -65.42757584031263, 2, 1), 
(142, 273, 'Salta Mixta', 17, 'D', 'saltamixta@electrohome.com', '555-333-5678', -24.789279050978003, -65.41015379142257, 2, 1), 
(109, 213, 'Formosa', 9, 'B', 'formosa@electrohome.com', '555-888-2345', -26.185134990397458, -58.174282509691935, 2, 1), 
(139, 267, 'El Dorado Mixta', 14, 'A', 'eldoradomixta@electrohome.com', '555-919-2345', -26.41674774886814, -54.67014046506205, 2, 1), 
(143, 274, 'Senz Peña Mixta', 4, 'C', 'senzpenamixta@electrohome.com', '555-888-9012', -26.790340606019132, -60.44361279875685, 2, 1), 
(194, 83, 'Tucumán Peatonal', 24, 'D', 'tucumanpeatonal@computech.com', '555-333-7777', -26.82616076370263, -65.22426960886166, 2, 2), 
(171, 30, 'Tucuman Shopping', 24, 'A', 'tucumanshopping@computech.com', '555-543-0123', -26.83672074017878, -65.21859823821774, 2, 2), 
(23, 37, 'Tucumán', 24, 'B', 'tucuman@electrohome.com', '555-222-5555', -26.8206307005387, -65.20850455651356, 2, 1), 
(63, 126, 'Tucumán Shopping', 24, 'A', 'tucumamshopping@electrohome.com', '555-727-8901', -26.82094571672806, -65.20937346138301, 2, 1), 
(131, 256, 'Concepción Mixta', 24, 'C', 'concepcionmixta@electrohome.com', '555-769-1234', -27.346203839155958, -65.60082510333201, 2, 1), 
(123, 241, 'Posadas Mixta', 14, 'A', 'posadasmixta@electrohome.com', '555-793-9012', -27.36634331323461, -55.8942014594328, 2, 1), 
(88, 170, 'Posadas', 14, 'D', 'posadas@electrohome.com', '555-432-6789', -27.36640048196518, -55.89409417107139, 2, 1), 
(39, 70, 'Chaco', 4, 'A', 'chaco@electrohome.com', '555-333-1111', -27.451022520586847, -58.986106175063576, 2, 1), 
(138, 266, 'Resistencia Mixta', 4, 'D', 'resistencia mixta@electrohome.com', '555-387-7890', -27.458564869150607, -58.9864809484579, 2, 1), 
(34, 62, 'Corrientes', 7, 'A', 'corrientes@electrohome.com', '555-111-9999', -27.467119301427925, -58.83635533250539, 2, 1), 
(60, 120, 'Santiago del Estero', 22, 'A', 'santiagodelestero@electrohome.com', '555-567-8901', -27.794515386344806, -64.26495540761682, 2, 1), 
(105, 203, 'Catamarca', 3, 'A', 'catamarca@electrohome.com', '555-999-6789', -28.469713015276938, -65.78699080598469, 2, 1), 
(99, 197, 'Goya', 7, 'D', 'goya@electrohome.com', '555-901-2345', -29.14396574467665, -59.265025878127524, 2, 1), 
(124, 247, 'Goya Mixta Virtual', 7, 'B', 'goyamixtavirtual@electrohome.com', '555-426-3456', -29.14400445298709, -59.26521531254478, 2, 1), 
(107, 208, 'La Rioja Centro', 12, 'A', 'lariojacentro@electrohome.com', '555-666-4567', -29.412731423564008, -66.85599748798305, 2, 1), 
(69, 134, 'La Rioja', 12, 'D', 'larioja@electrohome.com', '555-353-4567', -29.412943892403337, -66.85641577341765, 2, 1), 
(74, 141, 'Rafaela', 21, 'C', 'rafaela@electrohome.com', '555-232-5678', -31.25257547209793, -61.491578586242916, 1, 1), 
(192, 78, 'Poeta Lugones', 6, 'A', 'poetalugones@computech.com', '555-098-6789', -31.36043661428915, -64.22071431245384, 1, 2), 
(127, 252, 'Poeta Lugones Mixta', 6, 'C', 'poetalugonesmixta@electrohome.com', '555-737-4567', -31.39462451462715, -64.19608607963366, 1, 1), 
(81, 158, 'Villa Cabrera', 6, 'B', 'villacabrera@electrohome.com', '555-321-5678', -31.40794225756591, -64.20787808369916, 1, 1), 
(184, 55, 'Córdoba Nuevo Centro', 6, 'D', 'cordobanuevocentro@computech.com', '555-456-4567', -31.42863646911064, -64.17524021560075, 1, 2), 
(61, 121, 'Córdoba Nuevo Centro', 6, 'B', 'córdobanuevocentro@electrohome.com', '555-808-1234', -31.416718769028535, -64.18340080386685, 1, 1), 
(22, 36, 'Córdoba', 6, 'B', 'cordoba@electrohome.com', '555-777-8888', -31.41971674767425, -64.18758510470063, 1, 1), 
(70, 135, 'Córdoba San Martín', 6, 'C', 'cordobasanmartin@electrohome.com', '555-636-7890', -31.420861200975484, -64.18884037852918, 1, 1), 
(102, 200, 'Villa Carlos Paz', 6, 'B', 'villacarlospaz@electrohome.com', '555-444-5678', -31.429189795691187, -64.50032015553107, 1, 1), 
(130, 255, 'San Francisco', 6, 'C', 'sanfrancisco@electrohome.com', '555-502-6789', -31.42953584654356, -62.08448169483028, 1, 1), 
(41, 75, 'San Juan', 18, 'A', 'sanjuan@electrohome.com', '555-605-7890', -31.532613091230534, -68.53989853555589, 4, 1), 
(197, 88, 'San Juan Peatonal', 18, 'C', 'sanjuanpeatonal@computech.com', '555-888-4444', -31.533048435255896, -68.54099628999055, 4, 2), 
(150, 307, 'iPoint Santa Fe', 2, 'D', 'ipointsantafe@electrohome.com', '555-777-6789', -31.6211374352825, -60.69423781676401, 5, 1), 
(158, 9, 'Santa Fe', 2, 'D', 'santafe@computech.com', '555-654-4567', -31.621572429087294, -60.69578783765884, 5, 2), 
(195, 86, 'Aristóbulo del Valle', 21, 'D', 'aristobulodelvalle@computech.com', '555-777-3333', -31.586080927842563, -60.69456816329321, 1, 2), 
(35, 63, 'Santa Fé', 21, 'C', 'santafe@electrohome.com', '555-444-7777', -31.63451316993438, -60.71706879268559, 1, 1), 
(45, 80, 'Paraná', 8, 'B', 'paraná@electrohome.com', '555-123-5678', -31.7331691059087, -60.52305392571788, 1, 1), 
(100, 198, 'Villa María', 6, 'A', 'villamaria@electrohome.com', '555-234-5678', -32.410476414203536, -63.24355544725534, 1, 1), 
(137, 265, 'Cañada Mixta', 21, 'B', 'canadamixta@electrohome.com', '555-752-4567', -32.808508435246345, -61.40634758759788, 1, 1), 
(103, 201, 'Palmares', 13, 'A', 'palmares@electrohome.com', '555-222-9012', -32.887986246666316, -68.83232317396111, 4, 1), 
(44, 79, 'Mendoza Portal', 13, 'D', 'mendozaportal@electrohome.com', '555-456-8901', -32.889463567411, -68.84450352811189, 4, 1), 
(132, 257, 'Mendoza Mixta', 13,  'C', 'mendozamixta@electrohome.com', '555-318-5678', -32.88950728537475, -68.84476251068448, 4, 1), 
(11, 23, 'Mendoza San Martín', 13, 'D', 'mendozasanmartin@electrohome.com', '555-543-2109', -32.889525303794485, -68.84476251068448, 4, 1), 
(181, 51, 'Mendoza Portal', 13, 'C', 'mendozaportal@computech.com', '555-234-3456', -32.887014401885814, -68.8460753485503, 4, 2), 
(186, 61, 'Guaymallén', 13, 'C', 'guaymallen@computech.com', '555-210-3456', -32.905783496238634, -68.8011328271529, 4, 2), 
(7, 11, 'Guaymayén', 13, 'A', 'guaymayen@electrohome.com', '555-890-1234', -32.905598057075046, -68.80042194842001, 4, 1), 
(25, 39, 'Rosario', 21, 'A', 'rosario@electrohome.com', '555-444-3333', -32.94346865706729, -60.64937929110963, 1, 1), 
(122, 239, 'Rosario Altos', 21, 'A', 'rosarioaltos@electrohome.com', '555-218-5678', -32.943567697930256, -60.65001229244198, 1, 1), 
(167, 20, 'Altos Rosario', 21, 'D', 'altosrosario@computech.com', '555-321-3456', -32.95290884324846, -60.70488421973175, 1, 2), 
(165, 18, 'Rosario Portal', 21, 'C', 'rosarioportal@computech.com', '555-765-4567', -32.95200803662209, -60.69592736444629, 1, 2), 
(46, 82, 'Rosario Shopping', 21, 'D', 'rosarioshopping@electrohome.com', '555-678-2345', -32.94938947118403, -60.64190015682084, 1, 1), 
(140, 271, 'Rosario Mixta', 21, 'B', 'rosariomixta@electrohome.com', '555-143-5678', -32.95095885218136, -60.68555035381586, 1, 1), 
(141, 272, 'Gualeguaychu', 8, 'B', 'gualeguaychu@electrohome.com', '555-777-1234', -33.007885392814515, -58.51093512179447, 1, 1), 
(66, 130, 'Río Cuarto', 6, 'D', 'riocuarto@electrohome.com', '555-909-3456', -33.13069282485737, -64.34981805035669, 1, 1), 
(196, 87, 'San Luís', 19, 'C', 'sanluis@computech.com', '555-444-8888', -33.297280020925854, -66.32417506536838, 4, 2), 
(56, 109, 'San Luis', 19, 'A', 'sanluis@electrohome.com', '555-901-2345', -33.297079787846016, -66.32236875736423, 4, 1), 
(68, 132, 'San Nicolás', 1, 'C', 'sannicolas@electrohome.com', '555-787-9012', -33.33345301430884, -60.21099004666458, 8, 1), 
(80, 156, 'Villa Mercedes', 19, 'D', 'villamercedes@electrohome.com', '555-686-7890', -33.674527521581005, -65.46237311889368, 4, 1), 
(91, 174, 'Venado Tuerto', 21, 'B', 'venadotuerto@electrohome.com', '555-543-6789', -33.74552171763438, -61.96901784660822, 1, 1), 
(115, 225, 'Venado Tuerto Mixta', 21, 'B', 'venadotuertomixta@electrohome.com', '555-666-6789', -33.74554848113159, -61.96859942199706, 1, 1), 
(62, 122, 'Pergamino', 1, 'A', 'pergamino@electrohome.com', '555-212-5678', -33.890800155135636, -60.573738093892025, 8, 1), 
(120, 237, 'Zárate', 1, 'B', 'zarate@electrohome.com', '555-777-5678', -34.09569578810429, -59.0238780555976, 8, 1), 
(32, 58, 'Escobar', 1, 'C', 'escobar@electrohome.com', '555-666-2222', -34.345976789527526, -58.79417443856772, 6, 1), 
(162, 13, 'Escobar', 1, 'B', 'escobar@computech.com', '555-876-2345', -34.34606429565334, -58.79436221029569, 7, 2), 
(83, 162, 'Nordelta', 1, 'D', 'nordelta@electrohome.com', '555-987-1234', -34.41156829459695, -58.689891247536785, 6, 1), 
(106, 206, 'San Fernando', 1, 'D', 'sanfernando@electrohome.com', '555-333-0123', -34.443502123600275, -58.55817268521954, 6, 1), 
(145, 301, 'Tortugas Ipoint', 1, 'D', 'tortugasipoint@electrohome.com', '555-999-6789', -34.4817216237892, -58.761612355252524, 6, 1), 
(43, 78, 'Pilar', 1, 'D', 'pilar@electrohome.com', '555-789-1230', -34.468439904667335, -58.90796615101427, 6, 1), 
(180, 49, 'Tortugas', 1, 'A', 'tortugas@computech.com', '555-901-8901', -34.46647533618816, -58.73771636993053, 7, 2), 
(89, 172, 'Pacheco', 1, 'D', 'pacheco@electrohome.com', '555-789-9012', -34.45736693936678, -58.64729671922077, 6, 1), 
(157, 8, 'Pilar', 1, 'A', 'pilar@computech.com', '555-321-0123', -34.45782671795907, -58.91698795402517, 7, 2), 
(149, 306, 'Pilar iPoint', 1, 'B', 'pilaripoint@electrohome.com', '555-111-2345', -34.45869091922556, -58.913571474919316, 6, 1), 
(112, 221, 'Tortugas Open Mall', 1, 'A', 'tortugasopenmall@electrohome.com', '555-777-5678', -34.481779624894955, -58.76097263513692, 6, 1), 
(110, 214, 'Soleil Shopping', 1, 'C', 'solei1hopping@electrohome.com', '555-555-6789', -34.49098815948182, -58.590725395101906, 6, 1), 
(47, 83, 'Unicenter Digital', 1, 'B', 'unicenterdigital@electrohome.com', '555-901-3456', -34.507545358446656, -58.51786132841456, 6, 1), 
(3, 4, 'Unicenter', 1, 'C', 'unicenter@electrohome.com', '555-321-0987', -34.50818485657033, -58.524910840022876, 6, 1), 
(190, 72, 'Terrazas de Mayo', 1, 'A', 'terrazasdemayo@computech.com', '555-432-8901', -34.53041942482603, -58.702385919317614, 7, 2), 
(154, 2, 'Unicenter', 1, 'D', 'unicenter@computech.com', '555-123-7890', -34.508483743555225, -58.52358859713793, 7, 2), 
(148, 304, 'Unicenter Ipoint', 1, 'D', 'unicenteripoint@electrohome.com', '555-666-7890', -34.50853097330256, -58.52291276762846, 6, 1), 
(136, 263, 'Norcenter Mixta', 1, 'D', 'norcentermixta@electrohome.com', '555-590-0123', -34.51394380359337, -58.52183493552277, 8, 1), 
(71, 136, 'José C. Paz', 1, 'B', 'josecpaz@electrohome.com', '555-898-2345', -34.51532252369021, -58.7575858583345, 6, 1), 
(118, 233, 'Terrazas de Mayo', 1, 'D', 'terrazasmayo@electrohome.com', '555-444-7890', -34.530260328307676, -58.70228935979234, 6, 1), 
(13, 27, 'San Miguel', 1, 'C', 'sanmiguel@electrohome.com', '555-456-7891', -34.54291657829615, -58.711716245503396, 6, 1), 
(172, 33, 'San Miguel', 1, 'B', 'sanmiguel@computech.com', '555-876-4567', -34.54399330894746, -58.71282215245916, 7, 2), 
(77, 150, 'Panamericano', 1, 'C', 'panamericano@electrohome.com', '555-454-6789', -34.54584610068404, -58.48494356272746, 6, 1), 
(153, 450, 'Huawei Store', 2, 'B', 'huaweistore@electrohome.com', '555-444-9012', -34.5549134770382, -58.45755946912012, 5, 1), 
(168, 22, 'San Martín', 1, 'D', 'sanmartin@computech.com', '555-654-7890', -34.57750604940558, -58.53902364468724, 7, 2), 
(185, 60, 'Stand NINE', 1, 'B', 'standnine@computech.com', '555-789-8901', -34.558945602636996, -58.4447859024946, 7, 2), 
(87, 168, 'Aeroparque', 2, 'B', 'aeroparque@electrohome.com', '555-890-3456', -34.55901937592466, -58.4153330490486, 5, 1), 
(155, 3, 'Belgrano', 2, 'D', 'belgrano@computech.com', '555-456-2345', -34.56158719383945, -58.45445035399022, 5, 2), 
(50, 90, 'Venta Telefónica', 2, 'A', 'telefonicaventas@electrohome.com', '555-890-1234', -34.56164128913189, -58.45464028488018, 5, 1), 
(1, 2, 'Belgrano', 2, 'B', 'belgrano@electrohome.com', '555-123-4567', -34.56178941869063, -58.45455198410864, 5, 1), 
(198, 90, 'Telefónica', 2, 'D', 'telefonica@computech.com', '555-555-9999', -34.56197201144545, -58.45836681702227, 5, 2), 
(147, 303, 'Belgrano Ipoint', 2, 'A', 'belgranoipoint@electrohome.com', '555-222-4567', -34.56209355668062, -58.45863619124639, 5, 1), 
(151, 400, 'Belgrano Samsung Store', 2, 'B', 'belgranosamsungstore@electrohome.com', '555-333-1234', -34.569688190963014, -58.45333702048549, 5, 1), 
(8, 16, 'San Martín', 1, 'C', 'sanmartin@electrohome.com', '555-456-7890', -34.57723788271696, -58.53786807375453, 6, 1), 
(64, 128, 'San Martín Centro', 1, 'D', 'sanmartincentro@electrohome.com', '555-494-2345', -34.58104680437539, -58.53380096422346, 6, 1), 
(159, 10, 'Palermo', 2, 'B', 'palermo@computech.com', '555-987-8901', -34.587842886528364, -58.41066651086038, 5, 2), 
(4, 5, 'Alto Palermo', 2, 'D', 'altopalermo@electrohome.com', '555-876-5432', -34.58795065386343, -58.410657802280085, 5, 1), 
(65, 129, 'Junín', 1, 'B', 'junin@electrohome.com', '555-636-7890', -34.58837138023155, -60.94940676331001, 8, 1), 
(12, 25, 'Santa Fé y Gnel. Díaz', 2, 'B', 'santafe6neldiaz@electrohome.com', '555-789-0123', -34.593533389711176, -58.389140025163364, 5, 1), 
(10, 19, 'Santa Fé y Uriburu', 2, 'C', 'santafeuriburu@electrohome.com', '555-210-9876', -34.594762122416036, -58.39898888605327, 5, 1), 
(9, 18, 'Rivadavia', 2, 'D', 'rivadavia@electrohome.com', '555-678-9012', -34.6010613005935, -58.384296565248746, 5, 1), 
(2, 3, 'Uruguay', 2, 'D', 'uruguay@electrohome.com', '555-987-6543', -34.60109333283326, -58.38423086512067, 5, 1), 
(152, 401, 'Abasto Samsung', 2, 'B', 'abastosamsung@electrohome.com', '555-888-5678', -34.601783376334836, -58.412914014888635, 5, 1), 
(163, 15, 'Florida', 2, 'B', 'florida@computech.com', '555-109-6789', -34.60207504481747, -58.374530315606684, 5, 2), 
(5, 6, 'Florida', 2, 'A', 'florida@electrohome.com', '555-234-5678', -34.602173000000995, -58.375129406276734, 5, 1), 
(54, 97, 'Abasto', 2, 'A', 'abasto@electrohome.com', '555-789-0123', -34.60349796771324, -58.40952478482127, 5, 1), 
(166, 19, 'Abasto', 2, 'C', 'abasto@computech.com', '555-098-8901', -34.60373004780875, -58.41009921190058, 5, 2), 
(135, 261, 'Villa Crespo Mixta', 2, 'B', 'villa6espomixta@electrohome.com', '555-243-6789', -34.604766137045935, -58.445409663719296, 5, 1), 
(38, 69, 'Villa del Parque', 2, 'A', 'villadelparque@electrohome.com', '555-666-7777', -34.605470754164855, -58.49269101449023, 5, 1), 
(144, 275, 'General Rodriguez Mixta', 1, 'A', 'generalrodriguezmixta@electrohome.com', '555-444-3456', -34.60821678856552, -58.91933074847727, 7, 1), 
(16, 30, 'Once', 2, 'D', 'once@electrohome.com', '555-987-6544', -34.6096218954568, -58.40759922353879, 5, 1), 
(188, 63, 'Stand Devoto', 1, 'B', 'standdevoto@computech.com', '555-876-1234', -34.611680667343634, -58.5175003661095, 7, 2), 
(79, 155, 'San Rafael', 13, 'C', 'sanrafael@electrohome.com', '555-343-4567', -34.61799856640509, -68.33575362766203, 4, 1), 
(174, 35, 'Caballito', 2, 'A', 'caballito@computech.com', '555-801-2345', -34.61757676981332, -58.43291069587971, 5, 2), 
(19, 33, 'Flores', 2, 'C', 'flores@electrohome.com', '555-234-5679', -34.628239587406405, -58.46214218911391, 5, 1), 
(169, 26, 'Flores', 2, 'A', 'flores@computech.com', '555-987-2345', -34.632473830963534, -58.455755344066986, 5, 2), 
(18, 32, 'Plaza Oeste', 1, 'C', 'plazaoeste@electrohome.com', '555-876-5433', -34.63340388697576, -58.62566459073036, 6, 1), 
(156, 5, 'Plaza Oeste', 1, 'C', 'plazaoeste@computech.com', '555-789-6789', -34.634836104053, -58.62864760211285, 7, 2), 
(146, 302, 'Plaza Oeste Ipoint', 1, 'A', 'plazaoesteipoint@electrohome.com', '555-555-0123', -34.634878540830165, -58.628968590930356, 8, 1), 
(36, 64, 'Liniers', 2, 'D', 'liniers@electrohome.com', '555-222-6666', -34.639849350882166, -58.52456676354898, 5, 1), 
(28, 44, 'Pompeya', 2, 'A', 'pompeya@electrohome.com', '555-999-6666', -34.644324718386244, -58.4099667853007, 5, 1), 
(15, 29, 'Morón', 1, 'D', 'moron@electrohome.com', '555-123-4568', -34.65105174738059, -58.62114717460784, 6, 1), 
(72, 139, 'Moreno', 1, 'B', 'moreno@electrohome.com', '555-434-6789', -34.65123748063461, -58.79044540217318, 8, 1), 
(76, 148, 'Barata II', 1, 'D', 'barata2@electrohome.com', '555-121-2345', -34.655812094939236, -58.51825737855577, 6, 1), 
(53, 93, 'Merlo', 1, 'D', 'merlo@electrohome.com', '555-012-3456', -34.661864241496005, -58.73314174012454, 8, 1), 
(51, 91, 'Barata I', 1, 'C', 'barata@electrohome.com', '555-345-6789', -34.662532870817095, -58.499780709363556, 6, 1), 
(17, 31, 'Avellaneda', 1, 'B', 'avellaneda@electrohome.com', '555-321-0988', -34.66261748544095, -58.364828601881264, 7, 1), 
(164, 16, 'Avellaneda', 1, 'B', 'avellaneda@computech.com', '555-432-0123', -34.66907329000809, -58.3638434170046, 7, 2), 
(21, 35, 'San Justo', 1, 'C', 'sanjusto@electrohome.com', '555-333-4444', -34.67719758765243, -58.559757282380154, 6, 1), 
(92, 176, 'San Justo Shopping', 1, 'B', 'sanjustoshopping@electrohome.com', '555-876-9012', -34.677227015746226, -58.56228978772059, 6, 1), 
(177, 43, 'San Justo', 1, 'A', 'sanjusto@computech.com', '555-345-6789', -34.677129842470656, -58.56263964725877, 7, 2), 
(175, 37, 'Parque Brown', 1, 'A', 'parquebrown@computech.com', '555-246-7890', -34.67530297728938, -58.458009985433115, 7, 2), 
(58, 118, 'Parque Brown', 1, 'A', 'parquebrown@electrohome.com', '555-123-4567', -34.68512826043587, -58.435556949972515, 8, 1), 
(133, 259, 'Bernal Mixta', 1, 'A', 'bernalmixta@electrohome.com', '555-674-9012', -34.70785223392553, -58.28224138981334, 8, 1), 
(93, 177, 'Mercado Central', 1, 'C', 'mercadocentral@electrohome.com', '555-321-2345', -34.712061891358374, -58.49553514084108, 8, 1), 
(42, 77, 'Lanús', 1, 'A', 'lanus@electrohome.com', '555-312-4567', -34.71402125965407, -58.373691166958814, 6, 1), 
(14, 28, 'Quilmes', 1, 'D', 'quilmes@electrohome.com', '555-678-9013', -34.71986276430317, -58.253926461632204, 7, 1), 
(161, 12, 'Quilmes Factory', 1, 'B', 'quilmesfactory@computech.com', '555-543-7890', -34.72225326717998, -58.25030151295811, 7, 2), 
(176, 39, 'Quilmes II', 1, 'C', 'quilmes2@computech.com', '555-679-0123', -34.719979876317616, -58.25433553642623, 7, 2), 
(48, 86, 'Quilmes Factory', 1, 'D', 'quilmesfactory@electrohome.com', '555-234-6789', -34.72870431154191, -58.274857476346874, 8, 1), 
(134, 260, 'Banfield Mixta', 1, 'A', 'banfieldmixta@electrohome.com', '555-886-3456', -34.743701124891686, -58.39547507939782, 8, 1), 
(55, 98, 'Laferrere', 1, 'D', 'laferrere@electrohome.com', '555-234-5678', -34.746701346885544, -58.58887091806661, 6, 1), 
(173, 34, 'Lomas II', 1, 'A', 'lomas2@computech.com', '555-109-8901', -34.759106182338506, -58.41505845385183, 7, 2), 
(6, 10, 'Lomas I', 1, 'D', 'lomas@electrohome.com', '555-765-4321', -34.75693513037773, -58.40190529559192, 7, 1), 
(160, 11, 'Lomas I', 1, 'A', 'lomas@computech.com', '555-210-3456', -34.75730228231153, -58.40292654222504, 7, 2), 
(24, 38, 'Lomas II', 1, 'A', 'lomas2@electrohome.com', '555-666-9999', -34.758891852346615, -58.41657354816868, 7, 1), 
(183, 53, 'González Catán', 1, 'B', 'gonzalezcatan@computech.com', '555-123-0123', -34.76278527633029, -58.62515598047226, 7, 2), 
(97, 191, 'Berazategui', 1, 'C', 'berazategui@electrohome.com', '555-234-5678', -34.76393981758738, -58.618246640496075, 8, 1), 
(30, 52, 'Solano', 1, 'C', 'solano@electrohome.com', '555-777-5555', -34.787009562643455, -58.31887288277404, 8, 1), 
(182, 52, 'Solano', 1, 'C', 'solano@computech.com', '555-678-7890', -34.78159041768262, -58.30202531456597, 7, 2), 
(67, 131, 'Florencio Varela', 1, 'A', 'florenciovarela@electrohome.com', '555-123-6789', -34.81393493769186, -58.280462648788294, 8, 1), 
(57, 114, 'Monte Grande', 1, 'B', 'montegrande@electrohome.com', '555-456-7890', -34.821602498147286, -58.407787583771295, 8, 1), 
(73, 140, 'Canning', 1, 'A', 'canning@electrohome.com', '555-767-1234', -34.85624715949042, -58.50503624391714, 8, 1), 
(111, 218, 'La Plata II', 1, 'D', 'laplata2@electrohome.com', '555-222-1234', -34.91519427011349, -57.9473960006769, 8, 1), 
(170, 28, 'La Plata', 1, 'C', 'laplata@computech.com', '555-210-6789', -34.9307686784513, -57.938835564583414, 7, 2), 
(27, 43, 'La Plata', 1, 'D', 'laplata@electrohome.com', '555-111-2222', -34.92122373588358, -57.95430463226142, 8, 1), 
(95, 186, 'General Pico', 11, 'A', 'generalpico@electrohome.com', '555-987-8901', -35.65863185258937, -63.75696878684553, 8, 1), 
(113, 223, 'General Pico II - Mixta', 11, 'B', 'generalpico2mixta@electrohome.com', '555-999-9012', -35.65876604137523, -63.75718043187051, 8, 1), 
(96, 187, 'Santa Rosa', 11, 'D', 'santarosa@electrohome.com', '555-890-1234', -36.61365679850226, -64.28774490433403, 8, 1), 
(129, 254, 'Tandil mixta', 1, 'A', 'tandimixta@electrohome.com', '555-844-2345', -37.328767597294586, -59.13648346810741, 6, 1), 
(126, 251, 'Mar del Plata Shopping', 1, 'B', 'mardelplatashopping@electrohome.com', '555-908-0123', -37.98920752229019, -57.57657963214906, 8, 1), 
(189, 70, 'Mar del Plata', 1, 'A', 'mardelplata@computech.com', '555-109-4567', -38.00345492608729, -57.55290851525271, 7, 2), 
(33, 60, 'Mar del Plata', 1, 'A', 'mardelplata@electrohome.com', '555-888-3333', -38.0055023333349, -57.54310453151805, 8, 1), 
(117, 232, 'Añelo', 15, 'D', 'anelo@electrohome.com', '555-888-4567', -38.351988446489436, -68.7854249838128, 3, 1), 
(29, 47, 'Bahía Blanca', 1, 'D', 'bahiablanca@electrohome.com', '555-222-4444', -38.717534031059266, -62.26505417990525, 7, 1), 
(119, 235, 'Cipolletti Mixta', 16, 'B', 'cipollettimixta@electrohome.com', '555-222-2345', -38.92910494113338, -67.9849958945281, 3, 1), 
(121, 238, 'Alto Comahue', 15, 'D', 'altocomahue@electrohome.com', '555-604-1234', -38.952131384273564, -68.05440904604119, 3, 1), 
(20, 34, 'Neuquén', 15, 'B', 'neuquen@electrohome.com', '555-765-4322', -38.952153894567324, -68.06381184708114, 3, 1), 
(82, 159, 'Neuquén III', 15, 'A', 'neuquen3@electrohome.com', '555-654-7890', -38.95220749588213, -68.05423323900897, 3, 1), 
(191, 75, 'Alto Comahue', 15, 'C', 'altocomahue@computech.com', '555-765-3456', -38.94119521336368, -68.06402157904324, 4, 2), 
(179, 48, 'Neuquén Shopping', 15, 'A', 'neuquenshopping@computech.com', '555-567-4567', -38.93654094929491, -68.05664123954998, 4, 2), 
(37, 65, 'Neuquén Shopping', 15, 'A', 'neuquenshopping@electrohome.com', '555-999-3333', -38.952387897774486, -68.053561364363, 3, 1), 
(104, 202, 'Rincón de los Sauces', 15, 'B', 'rincondelossauces@electrohome.com', '555-777-3456', -38.96754164400549, -68.0660917021693, 4, 1), 
(116, 228, 'General Roca Mixta II', 16, 'D', 'generalrocamixta2@electrohome.com', '555-111-0123', -39.02682901356681, -67.57477492375254, 3, 1), 
(90, 173, 'General Roca Mixta I', 16, 'C', 'generalrocamixta@electrohome.com', '555-210-3456', -39.02689092894369, -67.57460843526187, 3, 1), 
(75, 142, 'Bariloche', 16, 'C', 'bariloche@electrohome.com', '555-676-8901', -41.13344251544493, -71.30992081886673, 3, 1), 
(52, 92, 'Puerto Madryn', 5, 'C', 'puertomadryn@electrohome.com', '555-678-9012', -42.76707228362367, -65.03621465792666, 3, 1), 
(178, 47, 'Trelew Portal', 5, 'A', 'trelewportal@computech.com', '555-890-1234', -43.24949999814414, -65.30440846752244, 4, 2), 
(78, 151, 'Trelew Portal', 5, 'A', 'trelewportal@electrohome.com', '555-787-9012', -43.24949999814414, -65.30440846752244, 3, 1), 
(40, 73, 'Comodoro Rivadavia', 5, 'A', 'comodororivadavia@electrohome.com', '555-777-4444', -45.862703215267736, -67.48220443797211, 3, 1), 
(193, 81, 'Comodoro Rivadavia', 5, 'D', 'comodororivadavia@computech.com', '555-321-0123', -45.868562677530605, -67.50312057042918, 3, 2), 
(101, 199, 'Comodoro Rivadavia Virtual', 5, 'C', 'comodororivadaviav@electrohome.com', '555-888-1234', -45.868562677530605, -67.50312057042918, 4, 1), 
(98, 194, 'Caleta Olivia', 20, 'C', 'caletaolivia@electrohome.com', '555-567-9012', -46.43803854619509, -67.5278136618427, 3, 1), 
(86, 167, 'Calafate', 20, 'B', 'calafate@electrohome.com', '555-567-0123', -50.34179803706787, -72.2671204079332, 3, 1), 
(31, 54, 'Río Gallegos', 20, 'C', 'riogallegos@electrohome.com', '555-333-8888', -51.62293269264155, -69.21574520228316, 3, 1), 
(84, 163, 'Río Grande Virtual', 23, 'C', 'riograndevirtual@electrohome.com', '555-876-2345', -53.78593017928961, -67.69482418759691, 3, 1), 
(114, 224, 'Río Grande Mixta', 23, 'B', 'riograndemixta@electrohome.com', '555-333-3456', -53.78631690255057, -67.69665260684442, 4, 1), 
(128, 253, 'Ushuaia San Martín', 23, 'A', 'ushuaiasanmartin@electrohome.com', '555-261-7890', -54.80325433807759, -68.30842188960959, 4, 1), 
(125, 250, 'Ushuaia Kuanip Mixta', 23, 'C', 'ushuaiakuanipmixta@electrohome.com', '555-639-6789', -54.803295526730395, -68.3085860877009, 3, 1), 
(85, 164, 'Ushuaia', 23, 'B', 'ushuaia@electrohome.com', '555-234-8901', -54.80961056514971, -68.32218991798115, 3, 1), 
(94, 181, 'Ushuaia Paseo del Fuego', 23, 'A', 'ushuaiapaseodelfuego@electrohome.com', '555-654-5678', -54.81256392660968, -68.32297455083388,3, 1);

insert into REFERENCIA (cod_referencia, ref_referencia) values
(1,'Estado Legajo'),
(2,'DNI'),
(3,'Recibo'),
(4,'Servicio'),
(5,'Documentación'),
(6,'Informes'),
(7,'Domicilio'),
(8,'Teléfono'),
(9,'Carga Sol./Leg.'),
(10,'Validación'),
(11,'Pagarés');

insert into CODIGOS (cod_obs, ref_codigo, cod_referencia) values
(0,'Situación de Legajo',1),
(1,'Legajo o Pagaré en estado 1',1),
(2,'Condiciones Grls. sin firmar',5),
(3,'DNI dudoso',2),
(4,'DNI mal estado sin otra doc.',2),
(5,'DNI extranjero sin residencia',2),
(6,'DNI no corresp. versión',2),
(7,'DNI falta fotocopia o Escaneo',2),
(8,'Falta Recibo Sueldo',3),
(9,'Recibo Sueldo fuera norma',3),
(10,'Sin antigüedad Labolal',3),
(11,'Recibo Sueldo no es último',3),
(12,'Falta servicio',4),
(13,'Servicio fuera de norma',4),
(14,'Servicio no coincide domicilio',4),
(15,'Servicio no es último',4),
(16,'Servicio con deuda',4),
(17,'Sin Cod. Autorización',5),
(18,'Falta documentación',5),
(19,'Anulado con compra y/o por vencer',5),
(20,'Legajo o Pagaré Faltante',1),
(21,'Falta Veraz Abierto',6),
(22,'Riesgo rechazado u observado',6),
(23,'Cámara local rechazado u obs.',6),
(24,'Riesgo valida laboral',6),
(25,'Falta CredInfo',6),
(26,'CredInfo rechazado',6),
(27,'CredInfo mal cargado',6),
(30,'Domicilio Part/Lab Repetido',7),
(31,'Domicilio Part/Ref Repetido',7),
(32,'Domicilio Lab/Ref  Repetido',7),
(33,'Domicilio Part. mal cargado',7),
(34,'Domicilio Lab. mal cargado',7),
(35,'Domicilio Ref. mal cargado',7),
(36,'Teléfono Part/Lab Repetido',8),
(37,'Teléfono Part/Ref  Repetido',8),
(38,'Teléfono Lab/Ref  Repetido',8),
(39,'Teléfono Part. mal cargado',8),
(40,'Teléfono Lab.mal cargado',8),
(41,'Teléfono Ref. mal cargado',8),
(42,'Limite Mal asignado',9),
(43,'Segmento Mal asignado',9),
(44,'Créd. Fuera norma, sin cod. Aut.',9),
(45,'Ingresos mal cargados',9),
(46,'Error carga solicitud',9),
(47,'Falta digitalizar o finalizar legajo',9),
(48,'Foto no corresponde a Cliente',5),
(49,'Falta Foto de Cliente',5),
(50,'Falta Ambiental Part.',10),
(51,'Falta Ambiental Lab',10),
(52,'Ambiental dudoso',10),
(53,'Falta validador',10),
(54,'Validador rechazado',10),
(55,'Falta Verificaciones Telefónicas',10),
(56,'DNI Falta "VistoOrig" y/o Firma Op.Cred.',2),
(57,'Experto rech. u obs.',6),
(58,'Faltan datos Laborales',9),
(59,'Agencia de Trabajo',9),
(60,'Fata Nota de Crédito',9),
(100,'indefinido',1),
(101,'Color de tinta de firma no admitido',11),
(102,'Cupón sin NC y sin Anular',11),
(103,'Difiere del Firmante',11),
(104,'Difiere letra entre Firma y Aclaración',11),
(105,'Falta Aclaración',11),
(106,'Falta Apellido',11),
(107,'Falta Firma',11),
(108,'Falta Firma Codeudor',11),
(109,'Falta Firma y Aclaración',11),
(110,'Faltan datos de Firmante a Ruego',11),
(111,'Faltan datos en Cupón manual',11),
(112,'Firma con apellido de casada',11),
(113,'Firma en "Lugar de Pago"',11),
(114,'Firma en el lugar de Codeudor',11),
(115,'Firmante a Ruego menor de 21 años',11),
(116,'No coincide el Importe',11),
(117,'No coincide el número de cupón',11),
(118,'Nombre abreviado y/o cortado',11),
(119,'Pagaré Roto y/o Cortado',11),
(120,'Problemas con Huella Digital',11),
(121,'Remarcados y/o Remendados',11),
(122,'Reverso Impreso',11),
(123,'Falta Remito',11),
(124,'Problemas con la Firma',11);

insert into ESTADOS (cod_estado, ref_estado) values
(1,'Generación'),
(5,'Sellado en Sucursal'),
(10,'Envío a Central'),
(15,'Recepcionado'),
(20,'Faltante'),
(21,'Anulado'),
(25,'Observado'),
(30,'Confirmación Faltante'),
(31,'Obs. Recep. Sucursal'),
(33,'Fuera Circuito'),
(35,'Obs. Enviado'),
(40,'Solucionado'),
(41,'Solucionado con Obs.'),
(45,'Pagaré Aprobado'),
(50,'Re-Observación'),
(60,'Estado Especial'),
(92,'Pagaré Cancelado'),
(111,'Legajo fuera de Sistema'),
(125,'Solucion Pendiente');

SELECT * FROM legajos;




